[
  {
    "id": "c0f88b4f-71c2-4f30-bc2e-957031bfaf10",
    "data": [
      {
        "text": "medium",
        "userDefined": false
      }
    ],
    "isTemplate": false,
    "count": 0,
    "updated": 0
  },
  {
    "id": "b552222c-ae71-403d-808b-985a43b84817",
    "data": [
      {
        "text": "show me article",
        "userDefined": false
      }
    ],
    "isTemplate": false,
    "count": 0,
    "updated": 0
  },
  {
    "id": "d7ca59f1-0f68-4d2e-a90f-af044f6288da",
    "data": [
      {
        "text": "article",
        "userDefined": false
      }
    ],
    "isTemplate": false,
    "count": 0,
    "updated": 0
  },
  {
    "id": "3188d70c-9a7a-4a89-9c25-75ad368516e3",
    "data": [
      {
        "text": "articles",
        "userDefined": false
      }
    ],
    "isTemplate": false,
    "count": 0,
    "updated": 0
  }
]