[
  {
    "id": "8398370b-1f08-4433-9288-e2b03c07827f",
    "data": [
      {
        "text": "libraries",
        "userDefined": false
      }
    ],
    "isTemplate": false,
    "count": 0,
    "updated": 0
  },
  {
    "id": "874320e2-904b-4634-b4ab-5ed6e046c50a",
    "data": [
      {
        "text": "npm",
        "userDefined": false
      }
    ],
    "isTemplate": false,
    "count": 0,
    "updated": 0
  },
  {
    "id": "127f5412-2937-4f3a-a81e-428fff3b543d",
    "data": [
      {
        "text": "community contribution",
        "userDefined": false
      }
    ],
    "isTemplate": false,
    "count": 0,
    "updated": 0
  },
  {
    "id": "4b77d7c1-399d-44a5-82e3-ffb3c465b9f7",
    "data": [
      {
        "text": "community",
        "userDefined": false
      }
    ],
    "isTemplate": false,
    "count": 0,
    "updated": 0
  }
]