[
  {
    "id": "b402ff9f-36bf-4e6f-97fa-dcc2434c5186",
    "data": [
      {
        "text": "do you have any education",
        "userDefined": false
      }
    ],
    "isTemplate": false,
    "count": 0,
    "updated": 0
  },
  {
    "id": "d6abd35f-b337-44fc-b1a7-d2b31aef54f3",
    "data": [
      {
        "text": "do you have kids",
        "userDefined": false
      }
    ],
    "isTemplate": false,
    "count": 0,
    "updated": 0
  },
  {
    "id": "56dd2fb5-3db9-4e7d-92c8-c6eea8dd9102",
    "data": [
      {
        "text": "let\u0027s talk about politics",
        "userDefined": false
      }
    ],
    "isTemplate": false,
    "count": 0,
    "updated": 0
  },
  {
    "id": "aafd8929-37d6-4c93-8453-c9c92c74eec1",
    "data": [
      {
        "text": "let\u0027s talk about weather",
        "userDefined": false
      }
    ],
    "isTemplate": false,
    "count": 0,
    "updated": 0
  },
  {
    "id": "6e1ac403-f69b-47ce-8fd4-22c956b4d3f8",
    "data": [
      {
        "text": "could you show me your house",
        "userDefined": false
      }
    ],
    "isTemplate": false,
    "count": 0,
    "updated": 0
  },
  {
    "id": "726e10c1-4831-458e-aac8-d16b9bde93d0",
    "data": [
      {
        "text": "what is your biggest fear",
        "userDefined": false
      }
    ],
    "isTemplate": false,
    "count": 0,
    "updated": 0
  },
  {
    "id": "05ea8de5-6ef6-4aea-81b0-da9fc7dd7443",
    "data": [
      {
        "text": "what is your biggest dream",
        "userDefined": false
      }
    ],
    "isTemplate": false,
    "count": 0,
    "updated": 0
  },
  {
    "id": "13dd0127-78ab-45da-b3be-ed0d2fa097e8",
    "data": [
      {
        "text": "can you show your passport",
        "userDefined": false
      }
    ],
    "isTemplate": false,
    "count": 0,
    "updated": 0
  },
  {
    "id": "2074d525-20b3-45a6-9c0b-3894a5a19665",
    "data": [
      {
        "text": "may I see your photo",
        "userDefined": false
      }
    ],
    "isTemplate": false,
    "count": 0,
    "updated": 0
  },
  {
    "id": "b028161c-19bc-4d00-896f-aceba9a461df",
    "data": [
      {
        "text": "do you have free time",
        "userDefined": false
      }
    ],
    "isTemplate": false,
    "count": 0,
    "updated": 0
  }
]