[
  {
    "id": "da898381-778d-4c7e-a54c-52d8af58aa5b",
    "data": [
      {
        "text": "help",
        "userDefined": false
      }
    ],
    "isTemplate": false,
    "count": 0,
    "updated": 0
  },
  {
    "id": "4ae3316d-84b7-425b-9fd0-d1737405387c",
    "data": [
      {
        "text": "Hints",
        "userDefined": false
      }
    ],
    "isTemplate": false,
    "count": 0,
    "updated": 0
  },
  {
    "id": "2c8d95b5-b3ce-4492-894c-9f92a14d43a7",
    "data": [
      {
        "text": "Hint",
        "userDefined": false
      }
    ],
    "isTemplate": false,
    "count": 0,
    "updated": 0
  }
]