[
  {
    "id": "471defa8-fae6-4c5c-b22c-b003895544e7",
    "data": [
      {
        "text": "do you have a hobby",
        "userDefined": false
      }
    ],
    "isTemplate": false,
    "count": 0,
    "updated": 0
  },
  {
    "id": "c56c00e3-2221-49d2-83c7-a09a652e1d28",
    "data": [
      {
        "text": "how about your free time?",
        "userDefined": false
      }
    ],
    "isTemplate": false,
    "count": 0,
    "updated": 0
  },
  {
    "id": "27c77a0f-f454-47fd-a1e7-6e3828c22f59",
    "data": [
      {
        "text": "what are your hobbies",
        "userDefined": false
      }
    ],
    "isTemplate": false,
    "count": 0,
    "updated": 0
  },
  {
    "id": "b05c006f-267d-4fc9-92c9-b724e307d9a6",
    "data": [
      {
        "text": "talk about your hobbies please",
        "userDefined": false
      }
    ],
    "isTemplate": false,
    "count": 1,
    "updated": 0
  },
  {
    "id": "e63b841b-22e6-4c4f-a8b1-4ee9589e0440",
    "data": [
      {
        "text": "tell me about your hobbies",
        "userDefined": false
      }
    ],
    "isTemplate": false,
    "count": 0,
    "updated": 0
  },
  {
    "id": "3ade7c4c-d403-4acd-b7db-c684bb0b7e27",
    "data": [
      {
        "text": "what do you do in your free time",
        "userDefined": false
      }
    ],
    "isTemplate": false,
    "count": 0,
    "updated": 0
  }
]