[
  {
    "id": "a423f878-c4e7-46a9-9c73-8fa5779310f7",
    "data": [
      {
        "text": "photography work",
        "userDefined": false
      }
    ],
    "isTemplate": false,
    "count": 0,
    "updated": 0
  },
  {
    "id": "dc843b58-1231-48b4-89eb-68e32c9db92a",
    "data": [
      {
        "text": "photo",
        "userDefined": false
      }
    ],
    "isTemplate": false,
    "count": 0,
    "updated": 0
  },
  {
    "id": "32142f26-f858-48d5-ae22-492acc9a891e",
    "data": [
      {
        "text": "photos",
        "userDefined": false
      }
    ],
    "isTemplate": false,
    "count": 0,
    "updated": 0
  }
]