[
  {
    "id": "7aa10f3a-9d6b-496e-9e3c-0a772a55848a",
    "data": [
      {
        "text": "resume",
        "userDefined": false
      }
    ],
    "isTemplate": false,
    "count": 0,
    "updated": 0
  },
  {
    "id": "95756810-4d05-4591-a5f0-ee5b65d9fa0b",
    "data": [
      {
        "text": "I\u0027d like to take a look at your resume",
        "userDefined": false
      }
    ],
    "isTemplate": false,
    "count": 0,
    "updated": 0
  },
  {
    "id": "026d3f8e-55fa-4e59-a822-3562be44f438",
    "data": [
      {
        "text": "show me your resume",
        "userDefined": false
      }
    ],
    "isTemplate": false,
    "count": 1,
    "updated": 0
  },
  {
    "id": "74657fa6-3424-4527-bfa7-6e5e1d99a286",
    "data": [
      {
        "text": "do you have a resume",
        "userDefined": false
      }
    ],
    "isTemplate": false,
    "count": 0,
    "updated": 0
  },
  {
    "id": "7e4de109-8647-4177-b634-aa302d4e7ed3",
    "data": [
      {
        "text": "may I take a look at your resume",
        "userDefined": false
      }
    ],
    "isTemplate": false,
    "count": 0,
    "updated": 0
  },
  {
    "id": "73c1be3a-39f6-4fdc-b16e-ad5425a1ef03",
    "data": [
      {
        "text": "could you show me your resume",
        "userDefined": false
      }
    ],
    "isTemplate": false,
    "count": 0,
    "updated": 0
  }
]