[
  {
    "id": "07befaa1-deb6-4b65-bbe5-4c5adba6abd9",
    "data": [
      {
        "text": "who is ",
        "userDefined": false
      },
      {
        "text": "Prasad",
        "alias": "given-name",
        "meta": "@sys.given-name",
        "userDefined": false
      },
      {
        "text": "?",
        "userDefined": false
      }
    ],
    "isTemplate": false,
    "count": 0,
    "updated": 0
  },
  {
    "id": "7ee81e32-142d-4a43-9fff-56874d2950a2",
    "data": [
      {
        "text": "who is ",
        "userDefined": false
      },
      {
        "text": "Ankita",
        "alias": "given-name",
        "meta": "@sys.given-name",
        "userDefined": false
      },
      {
        "text": "?",
        "userDefined": false
      }
    ],
    "isTemplate": false,
    "count": 0,
    "updated": 0
  },
  {
    "id": "53c06460-92b9-4cd2-8387-34e97293e4c9",
    "data": [
      {
        "text": "who are your siblings?",
        "userDefined": false
      }
    ],
    "isTemplate": false,
    "count": 0,
    "updated": 0
  }
]