[
  {
    "id": "b4b44e5a-6def-472e-a79d-2e77c261d3ac",
    "data": [
      {
        "text": "tell me about your strengths",
        "userDefined": false
      }
    ],
    "isTemplate": false,
    "count": 0,
    "updated": 0
  },
  {
    "id": "6886990f-c875-47ee-918c-57c6bfb7d601",
    "data": [
      {
        "text": "what are your strengths",
        "userDefined": false
      }
    ],
    "isTemplate": false,
    "count": 0,
    "updated": 0
  },
  {
    "id": "d3ec7be3-292d-4cc2-9d32-c0b0da288b18",
    "data": [
      {
        "text": "what are some of your strengths",
        "userDefined": false
      }
    ],
    "isTemplate": false,
    "count": 0,
    "updated": 0
  },
  {
    "id": "53bea903-d9c8-49b9-93df-43377a35e930",
    "data": [
      {
        "text": "do you have strong points",
        "userDefined": false
      }
    ],
    "isTemplate": false,
    "count": 0,
    "updated": 0
  },
  {
    "id": "c2883d1c-073d-445b-b27f-ef5afe2a89cb",
    "data": [
      {
        "text": "could you tell me about your biggest strength",
        "userDefined": false
      }
    ],
    "isTemplate": false,
    "count": 0,
    "updated": 0
  },
  {
    "id": "4d3670d7-2953-4cf9-b566-a394cb8a4ec8",
    "data": [
      {
        "text": "what would you say are your strengths",
        "userDefined": false
      }
    ],
    "isTemplate": false,
    "count": 0,
    "updated": 0
  },
  {
    "id": "e6bad81a-2ad1-42fa-92a8-8bfb37a2fd9a",
    "data": [
      {
        "text": "what is your biggest strength",
        "userDefined": false
      }
    ],
    "isTemplate": false,
    "count": 0,
    "updated": 0
  }
]