[
  {
    "id": "62f031f4-a232-4495-86fa-eff21325fff2",
    "data": [
      {
        "text": "do you have weak points",
        "userDefined": false
      }
    ],
    "isTemplate": false,
    "count": 0,
    "updated": 0
  },
  {
    "id": "0e98a7c6-b1f3-46d0-a450-5f2629130afa",
    "data": [
      {
        "text": "what is your biggest weakness",
        "userDefined": false
      }
    ],
    "isTemplate": false,
    "count": 0,
    "updated": 0
  },
  {
    "id": "b78c450a-e714-479a-9ef8-2e2a89397f8d",
    "data": [
      {
        "text": "could you tell me about your biggest weakness",
        "userDefined": false
      }
    ],
    "isTemplate": false,
    "count": 0,
    "updated": 0
  },
  {
    "id": "39ba1497-878f-4001-9576-e9003c1dc415",
    "data": [
      {
        "text": "tell me about your weaknesses",
        "userDefined": false
      }
    ],
    "isTemplate": false,
    "count": 0,
    "updated": 0
  },
  {
    "id": "eef81683-a184-4dc8-b028-7c18984c6dec",
    "data": [
      {
        "text": "what are your weaknesses",
        "userDefined": false
      }
    ],
    "isTemplate": false,
    "count": 0,
    "updated": 0
  }
]