[
  {
    "id": "0fc45aae-35ae-4edc-9307-c0e27b8e33cc",
    "data": [
      {
        "text": "videos",
        "userDefined": false
      }
    ],
    "isTemplate": false,
    "count": 0,
    "updated": 0
  },
  {
    "id": "7b2ddd14-f0ec-4ce9-a2c4-ab9016625614",
    "data": [
      {
        "text": "youtube channel",
        "userDefined": false
      }
    ],
    "isTemplate": false,
    "count": 0,
    "updated": 0
  },
  {
    "id": "d25fcd4a-a603-414c-aaad-5f1bdbb370a2",
    "data": [
      {
        "text": "youtube",
        "userDefined": false
      }
    ],
    "isTemplate": false,
    "count": 0,
    "updated": 0
  }
]